indiv0,indivA,indivB
0.785857421124045,1.31637543269204,-0.980376104145398
0.482668513793358,1.62962276485594,-1.64546457232409
-2.07057106006059,-0.31097744643982,1.85501310543962
-0.308923470669926,0.753794330451037,"B,1.45526876814112"
1.08875825413909,-0.0698046692500954,"B,-0.130070650887401"
-0.54999292847264,1.04070126571637,-1.1249653234241
-0.112872761874389,-1.13805265488017,0.74295938182969
1.25870141567907,-1.15803475834118,0.564144152082917
1.11484513099244,-0.298512158903073,-0.548003945949062
-0.788223060734215,-0.47776809738312,-0.512540824167388
0.358002879554893,-0.635199836417028,0.405863621341989
1.25505019889026,0.478187948315193,0.55677257018
1.61740004677728,-1.4537430091897,0.461284004625879
0.710861617781362,"A,0.393577792362411",-0.297716306945469
-0.839412851781014,-2.45324116587024,-0.0541293792919323
0.468225549191289,"A,0.606439150144122",-0.680679517987097
-1.58665547406661,0.326832662871606,0.923634514656967
0.226889732643078,-1.57441413654946,0.394669407788812
-1.03061817044814,"A,0.668048039745147",-1.47274482655624
0.480059037058089,-0.122299142044166,0.736222859689682
0.0909403919899916,-0.159237042413577,0.938355991059307
0.225017871950502,-1.32871466498659,-0.119902305485985
-0.565555874862687,"A,-0.813897228991792",0.89477269540295
-0.982449915333371,0.977634290647129,-0.192915968018951
1.57760427799635,-2.17285241002713,-0.825242320473209
-0.744497719677643,"A,-1.85774933629582",2.05407543491133
-0.551153973174657,"A,-0.551120265401146","B,0.281583332829671"
1.06327384558502,0.217849980051141,-0.83888249996833
-0.607344249022863,0.6122890280163,0.388233611830395
-0.994250088400839,-3.01199032358406,1.12393033945717
-0.550595124124055,"A,-1.01267349452098",0.652775960188419
0.533605678695545,-0.205223625276853,0.189240592792229
1.6174714100204,-0.851147741455406,0.584727181839853
1.08012086476454,1.65114641852033,-1.00851636828924
0.126777270033769,-1.64007323400067,-0.295809696838921
-1.00686070569959,"A,0.196543426918593",0.120744487183027
-0.505135196905501,-0.193753734878062,0.260830789208783
-0.38620473315662,2.363070913438,-1.20300349605325
-0.805246155820398,2.45298325029067,0.0171476874543059
-0.0768699059010278,-0.263252841683366,-0.466767850526384
-0.299787964523034,0.421307725717896,0.539015807847936
0.658663653123628,-1.62834989601678,-1.43315265901025
0.499863425474704,"A,1.46319025788254",0.47600946017142
0.440002467099304,0.20463954339887,0.167834805218009
0.396454829309909,0.330547030893122,0.128116602815417
0.754853964664732,-0.467405322316551,0.975518175676473
-1.15403974942249,1.30166096460856,0.00342138203546975
0.429480697804042,0.670735380542643,-1.64609804724328
-0.551621296265242,0.651700714233485,-0.998279135007016
0.000750001070614755,1.00623997655913,-1.13170168451693
0.721853266842567,-0.123114648823378,1.84518617705931
0.612153910706173,1.00754535283975,"B,-1.3464435088716"
-2.25404189958603,-1.36176924662065,0.0144146030945476
0.123425312851126,"A,-0.158669289596644",0.227290503682444
-0.739275523653334,0.78963442671716,-0.449757439852603
-1.58928930449599,0.614115661916619,0.13832319729822
0.239701074112827,1.21097103928621,-0.632678095810407
-0.265071238587612,-1.62121777219057,-1.11232302379565
0.824163668702219,"A,-0.0511824665955128",-1.1574535654972
0.478075549405309,-1.66003153807219,-0.567739648577413
1.08349246366966,"A,-0.0121428407228987",-0.878012407592198
-0.179712625930797,1.3533329755487,0.421941706517792
0.723645422286015,0.781880593032256,0.33733726914008
1.61151548400389,-1.21796172216902,1.15836560873367
-0.772925054678602,-1.64122613783053,-0.216855427096544
0.0931356200545682,"A,-0.35925089241682",0.777649790950201
-0.855787961169302,0.508873364053845,0.7448986785903
0.631683939535625,-0.586292075875699,0.595501299156245
-1.93369430896072,-1.15832449123941,-0.438533718864447
-0.564556844936816,-0.0780367641573977,1.56234720796318
-0.400727612239419,-0.26118371540652,"B,0.452620650498863"
-0.963896743755896,1.12426534997274,-0.911063163640618
-0.00520409858776337,0.660667056934892,-0.984812799716921
0.516472319214127,-1.49553342401332,-1.28656044143032
0.194383318155321,"A,-0.513855046696864",0.729144770951771
-0.520506863322281,1.46688829030603,2.62155693153556
0.952853180344536,1.1576259751373,"B,2.29081370567023"
-0.5286945023936,0.531255597883736,"B,0.84421718132617"
1.74561525975252,-0.769323421934327,0.233443823267624
0.561599649399561,0.191269937824611,0.109632051293309
-1.83331900727717,-0.409233041443526,-0.17354787969214
1.58459211179347,-0.871333907267184,-0.0490021937982228
-0.783037770024051,-2.03174762423256,-1.76039996935433
0.692309516182564,"A,-1.2719269355655",-1.6713981539623
0.924350823918078,-0.842343793531503,0.502391243873052
-0.25918827193043,0.504929771524104,0.144246185205843
0.434471272310989,1.34182841337129,-1.2261153596309
-1.87471034843769,0.459892980035106,-0.411131478389029
-0.55523652824365,-0.169027329938415,-0.452816468472662
-2.97210682243377,-0.972622208739377,-0.218486440116092
0.15977056161685,-1.23826220665201,0.186739098526264
0.762587583376453,-2.16949596384547,0.519709185001387
0.105391419059567,"A,-1.18691409654222",0.0259430736727022
-1.63062423318462,0.646456441417287,-0.611661400432048
-0.218498861243132,-0.294826960501782,0.957293712115027
-1.3746619196363,0.413065448896116,1.36825228373961
-0.545681169983726,-1.91506634723682,"B,0.77367448465194"
-0.243688102024837,"A,-2.43059780485689",0.392722553003734
0.0225807254995385,"A,-0.773156645235678",-1.61430855229817
-0.155685753123902,1.100362310104,-0.605802692263859
-0.52254246817654,-1.84302476379267,0.256899388954776
1.66061016599788,"A,0.582434259754416",0.662858064225579
-0.599082576656006,-0.0846447343795641,-2.07860026031539
0.570805660199771,-0.207267119177172,1.22638487047889
-1.10207187642398,1.08831511006977,0.173800030082898
0.404894544772104,0.183105825774363,-0.322668444377444
-0.754740962156345,-1.15260952863778,0.269393447804961
-0.820787148075525,-0.776988137619533,-0.66908324444539
0.206359687469687,-0.251604088585831,2.35693214635975
0.958555542469729,-0.88667653919821,"B,0.734894862146198"
0.704972807786903,-0.178604184949793,-1.29024447264455
-0.460832201212079,0.282503318977015,0.924398653737365
-0.581253627390471,0.595639531969442,-2.11493379359062
-2.22810869417834,0.77127296448914,-1.05892504282069
0.686085589730653,2.81998003103154,1.6353919081101
0.991653909388471,-0.377612237133305,"B,0.378988175009522"
0.593367333147796,-1.38532810633186,-0.346782448041717
0.312813660442134,"A,0.069860174193249",0.070367983400733
0.679676819933169,-0.79724655498658,-1.12554848761006
-0.543031900817765,-0.983987953230216,-0.740655278736597
-0.338931248343556,1.34877490088624,2.00101153725259
-0.326697137797302,0.65923627264029,"B,2.32552268945304"
-0.736299184291655,1.3494335850596,"B,0.47488175767291"
0.945843398230876,-0.529620028050969,1.48943772510283
0.783747681487001,0.0558518882208062,"B,-0.237514466053273"
-0.716879449353869,1.38798327289608,-0.798143627767112
-0.092618357901356,-0.336550121510819,2.09175358174413
-0.866221551315854,1.19303502260329,"B,-2.43060695704551"
-0.406715504444328,-0.329626839447299,-0.971552218163322
-0.231555244577757,1.5648033378443,0.439760285967887
0.0383730594172174,-0.963785545821304,-0.154022871800867
-0.279663779423374,0.381034310300147,1.17438987030918
0.769883278218738,0.692669039049947,-1.3882182367532
1.01123874832392,0.630616411160632,-0.164632731208345
0.340813166288009,0.694892439581451,-3.57396121223133
-0.141598330243285,-0.0453962291725361,1.08682793499042
2.14729226764485,0.439529252989542,0.58320477820312
-0.163710195117877,0.664012314767319,0.710731270602446
2.09441179276709,1.03396163980949,-0.230678803684406
0.725903508135148,-0.890912716154262,1.05355943457256
-0.543100786173076,0.620390358750111,-0.111127005628724
-0.226095758662366,-0.562030418872738,0.410798862337779
-0.85786004386932,-1.88987893007129,1.07706174514862
-1.89185300364006,"A,0.144212188361356",-0.603183633787747
0.682221318274565,-0.337453534222175,0.970931682635542
-0.750898520539447,-1.04673014481439,-0.928370196478275
-0.322130052887985,-0.200878645385925,1.54017715669061
0.374057469448412,-0.718365479165362,"B,-0.317800931439004"
0.0345836437543712,0.79245603439649,0.876694732731261
0.571880889717743,0.257242212745312,-0.965569752255349
0.164614995738075,1.50421532385795,1.16014431270136
-0.379626326632324,-0.451058201340403,-0.201680808715989
0.450394870771315,-0.14240976058246,0.383680629953215
0.742659208317074,-0.168259088466847,0.259094522029667
-0.552341559741772,2.26612145136585,0.893605264469254
-1.09679697939627,-0.516284830899454,-1.35034955555906
0.339012237458989,0.555529243205029,-2.09472502725667
-0.0336126404699509,-1.00943743505311,0.841368652641331
0.335882042216928,-0.705096741279047,-0.258182801523583
-0.554875095559627,-0.906003157259784,1.07375994078421
1.66126953470344,-0.309483033062527,0.743993256461693
0.766082785952701,0.137806770154198,-0.245753818897906
0.806054224125409,0.28137609727491,-0.644194201552143
-1.25912933378837,0.752762961106924,-0.813259885393746
0.305426059888124,0.776792769303926,-0.277134341822156
-0.22578155995121,0.909621599825253,-0.532408200925423
0.637408600543625,0.204001329796678,-1.12456878798411
-1.25248543162623,0.579959004354263,0.103205929830419
-1.76413677793181,-0.629047129526487,0.0151668533254199
0.704402813035944,-2.14455522929108,-0.523121023368322
-0.0517029029174679,"A,-1.1120048470816",0.112456143874614
-1.27990999879203,-0.670255929379382,0.115148552468366
0.817093797456931,-0.114196109260851,0.957696125656159
0.0241888655905932,0.933436601752748,1.19948898087563
-2.4102377132566,-1.16334438734903,-0.476310300039819
1.22664027578398,-1.63723289316756,0.54807980819591
0.554613464237653,"A,0.594673237847146",-2.29294776902108
-0.601287481674212,-0.834904273086599,0.43575786974317
1.57194232647825,0.611732972044908,-0.480775818990707
0.375576846274351,0.0039932816017521,-0.564082094270138
-0.956658676287708,0.620497514033129,-2.03103345447892
2.23366591306285,0.796533921264201,0.122775908163277
0.367096394608729,-1.06549423922326,0.698592114575482
0.296880758039512,0.328962344775613,0.536718411371214
0.720045160264496,-0.944925617909808,-0.997712313799017
0.269230503847145,0.852463926661194,-1.62114114396469
-1.57094355548734,-1.44985939871281,0.259318933084274
-0.164675744521032,"A,-0.889049022830805",1.76891993015219
-0.00886411933427675,1.51554560106333,"B,-0.560663283562655"
0.441872409683305,2.65276605167733,-2.48957107636437
-1.00647359155057,1.02618735970522,-0.883579246509607
1.43601424883509,-1.38409913133885,0.526012092460296
-0.727207329950891,"A,0.485947801738518",0.0758320853438818
-0.0599995931202635,0.441853939566886,0.624161029091152
-0.219261669394089,1.07813191147446,-0.231000176439349
0.872484674634261,1.03042513970373,0.000737657937811162
-1.07284452635673,-0.697083256520766,-0.154287858747952
-0.437088535551615,0.0146331689463564,0.675118580704961
-0.566678414801535,0.817596996089955,0.784155253407702
0.0266681789871212,0.0857273863945384,-0.979242152851759
1.42295963153749,0.796426003078449,0.582934628370291
0.279768767259629,-1.11088238620172,-0.229471088661549
1.38344266572261,0.194952229693999,-0.545686319352658
0.0235861264579395,0.104507155553742,-1.26104699705498
1.58528789087181,-1.39143234379077,-0.320657843521411
-1.0455753047015,"A,-1.47504438915569",0.299204136352616
0.287229851048223,"A,0.539479158397744",-2.04208095148226
0.809689558715157,1.52640262062911,0.732388563340898
1.06524157282271,-0.0317783966484427,-1.18398253908921
0.453614941812547,-1.70330981566319,1.10108913311346
0.368504442581755,"A,-1.75088070512697",-1.10344890563638
0.594404171900433,"A,0.566517327915014",-0.258369536756617
-0.899633487454813,1.6984225507024,0.696455813083849
-0.047947902570181,-2.79551852498803,-0.109473665322885
0.430472327940109,"A,0.235131709827426",0.241964318239095
-0.279400940966513,0.561798508977631,0.0531237135066595
0.130167043802692,-1.2164453442987,-0.993154692561585
0.982549975565185,-0.216442093460258,1.08442960518666
-1.05350312216062,-0.809658006399965,-2.00194182186794
-0.968735556138826,0.337289391023045,-0.724930718274849
-2.41524345470098,0.181449590568606,-0.768142788911191
-0.244832161888275,0.422819657102346,0.383141793769492
-0.411840426273737,0.315661783644011,0.167847595921718
0.404573281968866,-2.1186117905204,-1.5028902654015
1.08382738128681,"A,-0.827546147404907",-0.259040959733542
-0.195524003456651,-2.01384862182581,0.639314303463066
0.411597121909844,"A,-0.32230199968346",0.232759241688323
-0.136804279493785,0.201471221354996,0.177621127727791
-0.151469147211083,-1.08353321385272,-0.350986545533905
0.19865899744456,0.804144377462679,-0.299247586638437
-0.659348609782257,0.862654446923376,-0.536927327447265
0.122700373180073,0.575203111897441,1.21902490054854
0.288390622294288,0.165658410482132,-0.816334271778075
-0.706125593662526,-0.337349177157463,-0.235306457451599
-0.818156006213083,1.25610629891282,-1.56507134232989
-1.08649485908565,-1.97280489963879,0.990050378251265
-0.0938150297237122,"A,-1.66328628919551",-1.83121647085719
-0.677738385982132,"A,-1.09716050037843",-3.28040538828918
-1.52018517688142,-1.50510647906749,0.756446034300625
-0.434463212445196,"A,-0.89150621910441",-1.29343639018989
1.33975367910115,-0.522657309757982,0.46051322273383
0.265211514976489,0.549275098839564,-0.304139133915602
-0.0552625367574091,-0.301192533346591,0.917847745282099
0.701140481606434,0.416349108873418,0.78004820382578
-0.0726647078146883,-0.280325273783349,-2.55333413453849
-1.32270718771415,-1.18079479577891,-1.41353263208744
-1.18935594205261,-1.61789789476264,-1.02300679435718
0.208616025896852,"A,-0.522714980232011",1.03518888400539
-0.813522716737685,-0.125689964910625,1.55565184544637
0.802716318195619,0.668074850736614,"B,-1.28866959092483"
-0.165172786105514,-1.14275183454019,0.301502537783658
-0.156652447866598,0.0884937928451606,0.0922610005978811
-0.119679331540785,-0.543473603239239,-0.353314427653088
0.82786210062807,0.580860428541618,0.00689086990503042
-0.832097317026875,0.489953858185355,0.110210260400932
2.14737682265674,0.769428917915342,0.704019456058144
0.213978649227196,0.784080175523751,-1.0814549514921
-0.489833817175003,-0.220219838865529,-1.9081185609356
0.111359788586861,0.971791406926678,1.84683047968384
1.50790769913815,-0.27277785049909,"B,-0.788921816475337"
-0.01281322427804,-1.05851553148435,-0.473016345798644
1.24091886564942,0.166126817905023,-0.951544656761222
-1.95909164923138,0.390951475843258,1.54358958476244
0.39794130424389,-0.315893820744721,"B,-0.542658380638881"
0.24247499302485,1.03209625350151,-1.49541349154869
0.716243860945017,-0.410637006924397,-0.482396356896123
-2.28798955002142,-0.999146989673218,-1.97493302497767
0.1590912505528,-0.0217068988772464,0.320738055074865
2.41977750949102,0.74765729597666,-0.826780456782932
0.251842057836515,-0.149872745889616,-0.361880818106196
-1.04019937795898,-0.443742987492466,0.117093572303697
-0.643723811451636,0.752501839601442,0.00359707128312525
-0.16489613866343,1.41681945443111,-1.60200470402715
-0.486939723170463,-1.31510840737091,0.701965962014218
1.52286057139737,"A,1.15777580500354",0.32020339448272
-0.776708073354875,0.284954493385571,1.78732704915359
0.0255131636408505,0.663400995800944,"B,0.191598245753512"
0.165652526746098,0.201211744061456,-0.587473993510486
-1.47368355016061,0.763890695440283,0.0709037043288064
-0.922798463137635,0.328498245743109,0.00726988368755545
-1.33545777483181,1.03250051139956,0.386777555389731
-0.636668213788634,-1.76151167740315,-0.209184645994299
-0.0918091163826406,"A,1.55712771507141",0.455031124809623
-2.17536961325835,-0.154577644905264,0.781501949550538
0.0473439974487873,0.990768136341683,1.26283929507897
-0.204192972159656,-0.971857979107997,0.561211136995968
0.171397846769743,1.056832830007,0.0459345383176608
0.776369093514208,0.0990822222118402,-0.614121104881237
1.22416487776207,0.333887461013816,1.82107579285405
0.132037169558644,0.185111496757771,"B,1.54891433386115"
-0.410480134811968,0.646378014296418,"B,0.571542649767943"
0.193790105151024,0.718589403295789,0.699497682798805
0.0701536647233139,-0.416100337639924,0.250279981860932
0.441125795087136,0.456049372249296,-0.18986416200579
-0.805135729628296,-0.41131532993599,-1.52291678022742
0.451515328687913,1.50276598322786,-1.55523229656481
0.368640469458296,-0.324015324471887,-0.620983139616832
-1.50074427420333,-0.198395866487418,-0.475940411483518
0.263545478613306,0.206306921405514,0.59977781372737
0.371305222776454,0.758531940713127,-0.222139480225407
-1.78974706592082,-2.14717350172888,-0.0751824729273448
0.204726011407209,"A,-1.97396102773203",-1.01061170662147
0.346044846695404,"A,0.0622649102430552",-1.4150585807356
0.36203540334263,-0.361617980369212,1.17782564199118
0.767058794697038,-0.351311723098547,-0.103422332215907
0.0572238076170543,-1.0267423016798,0.897322928854003
1.07293436422904,-0.18469292200199,0.168203756013865
1.03094081178747,-1.20624052665946,-1.18408437570406
0.69813173383486,0.526382454046598,1.46281284677805
-0.879019987006353,-0.211360520191876,"B,0.395409626962711"
-0.583198289103508,0.283776184392452,-1.23293520607709
-0.501578271237051,-0.423756663998715,0.365938380715772
0.189158688050382,-2.34538559024807,-1.72435682343041
-1.60595288260362,"A,-0.0259635302578629",-0.946333919444595
-0.983842825585893,0.571559964450267,0.540614540360708
-1.81711621005228,-0.0923268799787142,0.990229851112424
-0.586217388739859,-1.87937108718434,0.760774047549122
-0.545923640774351,"A,-1.47544318667183",0.200030483471227
1.38721975916205,"A,-1.39422143771655",-1.00513040589427
-0.175537391741281,"A,-0.582260133022105",-1.52857951323839
-0.943292775214109,-0.791798433445558,-1.20871906201153
0.83860368720296,-0.00979915123047453,-1.27957440003236
-0.185562555633384,-0.781850598122046,-0.495274771738362
-1.15790091011311,-0.949393367747288,1.35568199078363
-0.558701757428721,0.582960368348781,"B,0.861062316021875"
-0.0454676151569587,-0.657612917929558,-1.28898874066326
0.225411281844751,-0.446941130233691,0.323034765326358
-1.26794267298118,0.684278112273965,0.166456064896213
-0.742579679626745,0.769406712274814,-0.0841654590223585
-1.4905826128638,1.33735974023332,-1.08625500581357
0.593387296627486,0.762955524742538,0.611479155482451
1.36407063320659,0.794106721384189,0.77706855509052
-0.701330387966012,-0.222735372319503,1.24416148669821
0.417125820827286,-0.573594332194559,-0.150970298381604
0.265427900065392,-1.51337573522532,-0.307280691864427
0.845383670599767,"A,0.578753109237871",0.838612247388124
0.429396394663589,0.209227547114567,-1.47182900030144
0.607175685881292,0.121138115024025,2.26991906260298
1.80085829827613,1.17430752730139,"B,1.01167805105472"
-0.985724258999532,2.40355790420297,-1.47482593565449
-0.133238267836869,1.46199672549166,-1.15841364892006
0.267899391070539,-0.68959423298774,0.0268756983078204
0.0987361989514282,-1.73594630026214,-0.495999511148875
-0.540775930871239,"A,-2.90997976973708",-1.58832469215541
-1.21817983214823,"A,-0.944635244704773",-2.03941045665725
1.97653703017664,-0.729064937196777,0.37343749074677
1.68519128787387,-0.0714519869182018,0.502280185057753
-0.938783778361235,0.139022189112617,2.53863334766359
-0.57846829318617,-0.661511279318143,"B,1.32874354499834"
0.959816333058631,0.703201136508196,"B,-1.10036660006076"
-0.546088842972354,1.05086240792957,-0.535579733249242
2.39458791648834,0.0275017679557346,-0.490032817214843
1.1133566170791,-1.40878996430227,0.487691470242308
-0.337119102936816,"A,-1.57372430296382",1.71174422421577
0.565564893967447,"A,0.366973728140493","B,0.866923114597209"
-0.268339014593951,-0.845998119157278,-0.060505044706533
1.04083527748913,0.504310019713645,0.339477532973006
0.805416252415727,0.916900385338586,-0.403054613470498
-1.28179291156858,-0.117359813261209,-0.557553119397378
0.554620143701725,0.88692633856018,-0.0024772492402938
-1.50260598873115,0.263527840754746,0.256881612100936
-0.883236548981384,-0.0752331015094624,-1.40186374777495
-0.376304577264562,-1.15493888822607,-0.708100406780155
-2.63713564039891,-1.67743629362491,1.76257055927114
-0.803980526984622,"A,-1.85523465383418","B,1.45777204829281"
-2.09583614326936,"A,-0.535525370338091","B,-1.35879592914081"
0.363258795794195,-1.77686558194556,1.1291437970269
-0.271491594750508,"A,-0.785437496223146",1.08279202602903
-1.03220137614338,1.02144430491092,1.81403280551411
-0.0214941836670659,0.228831727873273,"B,-1.94990156375594"
1.29086985404266,1.02274968755911,0.340521596035433
0.155788455512779,1.75142864508689,-1.15681161859034
1.11702040090465,0.808975424700617,-1.92186026030766
0.527062463039047,-0.976177119424387,-0.190676886653253
-1.09671678691311,-0.713025062410967,-0.707152835803914
0.48702527585256,0.212691548457722,0.784719523744739
-0.30641814454402,0.100416850092495,-1.09457216412406
0.607331199810736,-0.017789289469319,0.0369851472781659
-0.0543745898683064,-0.473563463013654,-0.510383942061392
1.57682329584119,0.984178977943687,-2.87640181627009
-0.551557684147561,0.740396669396935,-0.805082727602497
-0.281663138251717,0.83692152728566,-0.012450849803729
-2.20318734048593,-0.76635659299462,0.697779002262449
0.609685334710876,-0.639853621777963,-0.344314484556879
-2.43211178465211,-0.0306890312229636,0.00513049933214757
1.06554492481239,-0.709129489461042,0.66638082620436
1.31046562907513,-1.15535865305633,0.995236621069762
1.52052714057638,0.13435348689377,-0.465365199454219
0.280193149735073,0.614006667761516,-0.159323234938489
0.318707913661148,2.07741881329535,-1.54385308313503
-1.47906987981712,0.081088326664864,-0.528041290005328
-0.572883364375413,-1.58831968279377,1.36635722306454
-2.04628239282138,"A,-1.22666472264348","B,1.37707217595597"
0.759627768571486,-0.1048729055548,"B,0.435943911498035"
0.722331663637922,0.674213024727777,0.381563835551845
1.10342612074737,1.02735853665502,2.38369742702561
0.384626179981959,1.03392037854738,"B,-0.406835317326691"
0.5700512093794,0.514946533757868,0.251074689740426
-0.0234199627318049,0.70735379066676,-0.193305255831018
0.0597949855974266,-0.261698274850286,-1.32358431930449
0.227484145079668,0.997249435319521,0.545837295247046
-0.381363910813068,-1.00732044963284,-0.426217431126228
1.73008405343085,0.948666722976927,-0.731992419560975
-0.638704963959658,0.427645676781934,1.81088684709304
0.634296431313085,-1.6662478871787,"B,1.02213466009583"
1.16355393449059,"A,-1.27360734946465",-0.311387198297979
0.728893266749723,1.52530883135578,-1.39592723666078
0.904850843271083,0.591257850345546,-1.9656040337413
-0.563385329033222,0.686229515011024,0.347910694327864
0.34069207756011,-1.18373814423171,-0.487392034270284
0.63193959749075,0.759386167205002,-0.726547193273297
0.467593323258716,-1.49143004637811,2.73698237015014
-0.635361048344196,"A,-0.675946924453831","B,0.483530537332696"
-1.28374023154218,-1.02405538826985,1.08627997690733
0.609865340132494,0.0917860864170462,-0.0630301272460681
1.03606930240954,0.696207567505465,1.00705509973354
-1.2125381323827,-1.2222976186361,0.626360387371131
-1.40178014223917,2.83550238533432,0.298453530029085
-1.33120844984938,-1.6571004732006,-0.0921707966716944
0.535035729720745,"A,-0.36904505703826",0.682946656108124
0.875116211134536,-0.78486420633648,1.12957835932706
-0.0756011713926616,1.45463431239235,2.19150682993463
0.765733383245318,-0.0257316889056675,"B,0.806303173360184"
2.21274994069263,-0.495170903844141,0.00384270956869073
-0.0584981636252077,-0.00148988217593541,0.526272938870378
-0.512861994711608,-0.92506154784094,0.483541952837781
-0.222114475147291,-0.108264221496681,0.682705525253033
0.266563177011803,-1.14944161320563,0.74411990923195
0.140070386893115,-0.789851154334838,-1.21960267366319
2.3868578725113,0.834700931175123,-0.537174690669781
0.952259647832557,0.881826681435162,0.194502610544022
0.201012003363178,0.938419105302979,0.997101435505162
1.24984429687601,-1.13063636137047,0.383201981825111
-0.635433701405835,-0.758007576421538,1.84689614253993
-0.789899176042567,0.609775216236013,"B,-0.147342649066439"
-0.417713011414184,1.56814682559507,1.61904511335862
0.635645199692401,-0.613291632734884,"B,-0.569047877834784"
-0.805610685443088,-0.40419298327519,1.17608721878788
0.14595057954694,0.45660158654168,0.433796206681788
0.927025860055319,1.69762124078078,0.241530803869805
0.422830877920191,0.835200134048109,0.22481089795207
-0.689492992443453,-0.735477157856985,-1.40484247077651
0.602502178987946,0.289210679014336,-0.863665075807256
1.04327685281798,0.00971946148664967,0.176116280028343
-0.507510446849379,-0.797131945929876,-0.279469462954742
1.02890872423531,-0.345666446556349,1.67804368975995
0.961129875877979,-0.19321735505372,"B,1.19864746049595"
-0.86991383577196,0.375458879586934,0.294719718181523
1.59076094635984,0.409338845457506,1.43236253905309
0.459625784875701,-0.973235986135631,"B,2.15264418660463"
1.09484415408196,-0.559467713990794,"B,0.435177954564753"
0.915642296570583,1.62038466147621,1.7233073544774
0.236341290485124,-0.965611153095264,"B,-0.0248579692938536"
-1.18969393420467,-0.543615650039607,1.01592093012655
0.966108510495859,-0.621527074221726,0.484439778704175
-1.35759597043038,0.332669819406065,0.204540515081515
0.0644325190414546,-0.516902048544111,-1.63595364282711
-0.295661747316228,-0.258579042303272,-0.100120582182882
1.41948715585117,-0.759920677600136,0.245095220512823
0.904803869524364,0.844699557389194,0.470222918641565
0.67504787152661,-1.60331087148375,-1.16268300628852
-0.298292138944873,"A,0.929784144426602",0.697516452870662
1.30596748529366,0.820035351433395,0.975135032222567
-0.664060219656671,1.7267075646534,-2.51621981517742
-0.176867557936633,-0.378433431054406,0.0451238646458284
-3.00559287423287,-0.470556559751449,0.245868324798534
-0.289594875859244,0.608355363300944,-2.41403707624363
0.335913930477023,-0.373065066371533,1.49172906719653
-1.16524961030789,0.0610624252807073,"B,0.985629392863716"
0.932920378143895,0.323828342852943,-2.03646218603102
-0.146571193878737,-0.223927277292891,-0.649698661358604
0.49569367903562,-0.273299437061072,1.14222412004871
0.430690322076332,-0.816247786654167,-2.18866138057292
0.728908453317039,-0.960757860376396,0.740541908868455
-0.804741749475682,-0.710651142335316,0.93956964466171
-0.130328141178366,0.375027423659602,-0.939043629242997
0.750870083201575,-1.01750352240521,-0.445987023159061
0.0332293868524115,-0.845063868644143,0.0835716201358283
-1.75539624981071,0.239319293111284,0.102721238725701
-0.447445111499852,-0.178869466813725,0.188334296922883
0.518802814982464,-1.10748189340668,1.30914144713057
0.824522362181629,0.763688173048738,"B,0.764708294058205"
1.90913040698249,1.77355833069901,-0.21923138398592
0.246629077407204,-1.88965899151227,1.11692042317186
-1.75064883034081,"A,0.971542112935309",0.899479160584492
0.520908971999821,0.131807320257983,-1.59288432637903
0.590002392410813,-1.11353696831666,-0.820343559377061
0.452419671643899,1.39405146499918,0.597644039015809
-0.517858283339011,-0.250539736386481,-1.07937580322164
0.234265343591525,-1.80567817440332,-0.227995260198706
2.01785852054631,"A,-0.64508672362929",0.12168086505465
-1.416315205628,-0.857840328981178,-0.0644616129343116
0.842440740456416,0.445893132038514,0.779456321390174
-2.95696580028912,-1.08056033475694,0.599340991762878
1.61762512957935,-0.846664495422778,-0.924990491689705
-0.36457329856702,0.0914736269650594,0.724936778885358
0.490141094022743,-0.836144330510171,-0.0643997490873961
0.797201737577855,-0.622071756896556,-0.123949625206605
-0.0671708494854574,-0.739840727656242,-0.0102397421075826
-1.98326727214075,-0.0756391714002992,1.35445349867054
-0.815555106559403,-0.168898546460256,"B,0.350902637060442"
0.231467274566994,-0.97211597149335,-0.664924299722636
0.131870882496542,-0.871252841320938,-1.73489308165229
-1.35378583682522,-0.477664752398346,0.714819157245604
-0.866311662127798,-0.552447661538322,-0.576396144252175
0.563867357864022,-0.473061599075902,-0.759774349250731
-0.68380391560252,0.345364843841836,0.235405422538715
3.03907696061614,-1.124161295249,-1.4086617810778
-1.90689623906009,0.661863438479574,-0.552684242538487
1.86856195998332,0.061644728059256,-0.691553380020474
1.58904562173026,-2.17024810877624,-2.45845957559198
-0.89698699320891,"A,-0.43968277244222",0.812824642210579
0.880811717668652,0.435286292259689,0.663413276699192
0.80304213604046,1.25572426830644,-1.57944456677149
0.244303713015534,0.550032149898942,-0.521077490780498
0.451771514063498,-0.774760492466294,-0.402869643137789
1.07535273518172,1.73088043683055,0.630227818964981
-0.279821430815337,0.99717137904961,-0.540392464389437
-0.118750448399213,0.770492687410413,0.719762780219147
1.38310143275361,-0.480907312431896,0.55862312890672
-1.17467140940354,0.73263342455551,-0.282275368399252
-1.74109535207874,-0.303971886303778,0.561650123780975
-0.598978739518803,1.00186593562907,0.640874531730318
-0.498254540024309,-0.501546036617411,-1.009674204856
-0.752195771282615,0.620526776567102,-1.7445493212651
-0.258397777089818,0.786165732386551,0.586282429603538
0.286015629090779,-0.764158016607737,0.053299028645583
-0.0384082196014029,-1.24916368414271,-1.28782811867739
-0.604914916474727,0.748488627554801,-1.51253597820312
1.38405821798152,1.72532315333727,-0.628272515014325
0.489816578962826,-1.64511336143101,-0.582654059502229
0.355504966173969,"A,0.611633823789687",0.861083666221139
-0.351388498855351,-1.16227905864841,-0.558545248554381
-0.690853750888413,2.36564836136198,0.449976794317686
1.47913036094043,-0.68035678135115,-0.17566849588861
-1.25892092809717,-0.103404537273565,-1.04455802174449
0.572842605182,-1.6867231326196,0.0427204745636269
0.158486525927977,"A,-1.28342349590496",0.0794040664428955
0.0095755936752778,-0.464965676431603,0.875633279900595
-0.239790570519697,-0.576456455439969,0.18986338742089
0.506649895842817,-2.4906745051683,-0.460180888833187
-0.896581198484698,"A,-0.430291874901192",0.358375214775806
0.299096935797655,1.23302325111487,-0.934023621443127
2.15444949129199,0.191415153943752,-0.120811854909362
-0.10212737002484,-0.0934372386210809,-0.619450276155828
0.213086775552689,-0.716343936192692,0.0142959041475288
0.437051545363744,-0.741274867184105,-1.73558459468364
-0.155319471585073,-0.33366894279947,-0.117517463632533
2.10858439066146,-0.847818888781228,-1.79972333029768
-0.543429104256403,2.72491641037955,-0.163046497550891
-0.172253176176331,-0.739901836977517,-1.51411377506643
0.534685810266119,0.787995227049099,0.306500778260037
-0.731120842329337,0.301431683417224,-0.657099158707488
1.41556123123847,-1.81307471025537,-1.57024454296276
-0.0833148704136799,"A,-0.860454684457476",0.852002507090014
0.116952989257576,0.873032879563293,0.552574221914768
0.359689492576963,1.10442086647787,0.817452845178956
1.51219284026715,-1.88561242600294,-0.967776236100437
-0.369912704602263,"A,1.02024165892658",0.193861394112534
-0.0734138531751528,0.826570290568591,-0.68047240112578
1.44000626717419,-0.227438437122766,1.94103157927634
-0.970343071618604,-0.358572864960154,"B,0.124638090452407"
2.30510150874868,0.518061228756743,2.19419435104878
-0.514763071159798,-1.02792126451896,"B,0.573294848956595"
1.23026504115898,0.245971561660446,0.226112854437416
-0.632807438863709,-1.96064760106504,-0.221236636130561
-1.20333976441791,"A,0.476770549830251",-0.321876226710118
1.43258313657319,0.242189076251609,0.489883007669025
-0.386099857727185,0.132427496024709,0.482483715595196
0.200751154070403,1.16432008871862,1.33065076735659
1.08207123056144,0.026736745403312,"B,-0.0900224540644168"
0.350567629600272,-1.22964611670215,-0.808313301535001
-0.87976954765911,-0.391132345811193,-0.190063310311615
-0.627205908726714,1.41513241961246,1.94639495061011
-1.1423507691242,0.315820440556662,"B,-0.243093905263746"
-0.713926272612827,-0.549905832684431,0.646971559394232
0.526044474884315,0.300366130933741,-0.756286617979655
0.600494798412163,0.368694299272312,-1.34861110144435
0.33676884165841,-0.738270118340151,0.220310337210294
-0.134709654854179,0.029153233826641,-1.06301523096436
0.978245660505687,1.3630684341962,-0.319527223243638
1.17298208233174,-0.453913650364986,-0.159678267124477
0.0710974254095478,0.148874691910152,1.14147253152151
0.814150907720717,-1.20119225407543,0.104866124496944
-0.784177021717226,-1.03961810790209,1.34501579469503
-1.31676193518439,1.94095338707591,"B,0.764280556386124"
2.53961800392977,-0.138651522148014,-0.754547551893279
1.48571264962715,-0.521437487208377,-0.680847521570121
1.93843675748736,-1.43329214450582,-0.70250338352089
0.585455316728289,"A,-1.05631556136213",1.44968407366836
-0.891670925847036,-0.0975044284950883,"B,1.453078946239"
1.0603258121791,-1.01171362908059,"B,0.813035544947316"
-0.34589517381817,-1.68170590451683,-0.436402713248721
-0.727491806783753,"A,0.903260591396654",1.6559177515737
-0.320972398271902,-0.0709314137441162,"B,-0.835049176629179"
-0.899719369436948,1.98547673537858,0.924150699188891
-1.14477540867281,0.0822223574073656,0.340536812781717
0.719135638364928,0.946133571659602,0.218690724454828
0.701329808978146,-0.409130809600375,-0.777642975175939
1.32480324975988,1.11450671611952,0.347477639939967
1.14434687054715,-0.600201904448679,-1.49513269787173
0.0026474602047222,-0.907402163960612,-0.0619265291925181
-2.18334213553824,0.603756931376448,0.210771396909537
-0.883238594503092,-0.984357907575751,0.795276651918854
-0.861461882785144,0.0899809713714389,0.758309500135062
1.14598258118117,-1.23532407790493,-0.137231473171774
2.33574570908307,1.25968867562894,2.19147209325549
1.20634497286625,-0.668620332810869,"B,0.294084284726622"
0.360387345208933,-1.02807713397207,-0.480466266596381
-0.787469870576133,-0.843839807449095,-0.994129283053067
0.11914259373337,-0.843548971787013,1.53298582329276
1.30384586833646,0.881761978932082,"B,0.192110418542565"
-1.22029948900758,-0.565989889706074,0.637266176669063
0.800660977854588,-1.5158464914717,-1.86171854890198
-1.66996715596396,"A,-0.852497590721614",-0.287566316833457
0.398356521549403,-0.0239065371686156,-1.31963531622371
0.0217573434551342,1.10392584331537,-1.4044184366496
-0.6841397634819,0.534832139959802,-0.157426302809671
-1.35833880290493,-1.74822824268704,1.46762352690786
-0.362579744698435,"A,-1.44221568826565","B,0.670117731572275"
-0.369376184765552,"A,-2.05881830837021",-0.53093638185069
-1.40082822532353,"A,1.22845957364264",-0.576005907588336
0.367327516726595,-1.90223824759779,1.16403016221185
1.33011399358962,"A,-0.0504241441600058",-0.505617995509236
0.982023082770149,-0.595999819417845,1.2189710998663
-0.749382526013798,-1.54200825415249,-0.907338535839609
-0.85279593711565,"A,-1.2032406190781",-0.67400634927446
0.408435365021342,-0.718260199956331,0.107196785689531
-2.49066203415439,0.460553233930917,-0.667151792869034
-0.965617445472046,0.0666077435784401,-0.0511197060103632
0.870386644798776,1.27210523645826,-2.08981487678286
-0.628075695707902,0.981000757016647,0.383414291259689
1.64400890950232,0.752360780255539,-0.130630195040443
0.561899412879889,-1.27937747413617,0.143188958869183
-2.24376062382191,-1.01811473941974,1.02228198015947
-0.615782520278151,0.865606381461087,-0.257327246978244
-0.00509936114621871,-0.180474027596259,-0.890310398423624
-2.47343468779339,0.859242707898855,-0.93842133236273
-0.0563202295304219,0.330368420659661,1.7435107433201
-2.09585521507193,-0.724079970023263,"B,-0.49227309860464"
0.980938683945765,-0.32819037146699,-0.993755987145681
-0.734817051993572,-0.959894524303603,0.0335981870686003
1.11795158914705,-0.944101817552421,-0.0884728093925358
0.660647123386182,-0.418529865238505,0.452487128284278
0.850319639662621,0.135091239876679,0.0430092159463485
0.110812319508961,-0.365178343781949,-1.3053428450913
-0.0427080119815478,1.07482936592873,-0.820649023259494
-1.86683782545623,-0.932982556698346,-0.596236600869735
0.17030411658218,-0.455389850443484,0.619270377319836
0.352081825946075,0.495044095078478,-0.661565555630025
-1.15699208817575,0.184044183299195,-1.04750134080199
-1.70634919401904,1.25588672166819,0.292921331441584
-0.169516661564824,0.258840013060148,-0.133158944020848
0.917828109032926,-0.417209901209099,-0.302548376913276
-0.0091005347903975,0.214142839961136,-0.866870612786758
-1.09728034112841,0.143208371468526,0.935146303760941
-0.943612311592397,-0.663047721748148,-0.0122898749824831
2.198151711182,0.969065302517687,1.2053093209006
0.521479842072898,0.0885140119537497,-0.450914790491825
-0.885766172926055,-1.04419673809569,0.330171178195047
0.476447713001027,-1.3446950548,-2.39628478790999
1.9125091947025,"A,-2.49661809973973",-0.655016252847935
2.16656761701365,"A,-0.399178638425797",0.132467437909823
-0.320123597447718,-0.0458676380557954,0.310719104164817
2.00218203787219,0.06736545744139,0.457563514400887
0.41057229126304,1.95996234947643,-0.774734210967184
-0.20212787271058,0.0918168663329554,-0.195619003001696
-2.10205091101401,0.805246090634807,-1.11674087694117
-0.906520626812214,-0.164334821337143,-0.097407688508815
-1.06098007797122,-0.0600821576309002,-0.635007678116661
2.41574412240164,-1.04027190093928,0.346336178184696
0.818764509270472,-1.57281001626306,0.663571585907906
-0.520065061298468,"A,-1.20062584164962",-0.539791526989454
-0.310707350234698,-1.02405019257797,0.985967932599894
-0.538136187148956,-0.24908835919043,0.282806407533778
-0.472567061679934,-0.314048065260429,-1.511602076249
0.0323365911900404,-3.22459068238708,-0.637747327386678
1.56166122807107,"A,-0.0526922580782693",-0.418275873203143
1.21666303486679,0.740217488102861,-1.48349129641734
-0.0868346100817201,-0.552331652015319,1.3215634990604
0.00228515405647406,2.1241574043007,"B,1.10982811268487"
0.241455384930499,-0.422722853115813,-2.2745289654083
1.06814554345633,0.614853884089052,-0.736878848602717
-0.393750752011333,-1.16136856561743,0.274988070335158
-2.50954054177554,-0.816951560188835,1.50704596682288
-0.0876819227993039,1.46346995950657,"B,0.1693579241823"
-1.79351050297726,0.850423192536891,-0.563806762992352
-0.391614093639511,-1.20883672605186,1.64536279126188
0.66603042069322,1.84332087425326,"B,0.841377313618891"
-0.234036341467353,-0.893799270240971,0.915991333413451
-0.600862628677454,-0.579420408145019,0.258790859385469
0.514674298953439,0.99140566865255,0.218221825074342
-0.309639791763281,0.23190607368082,0.484727559024765
-0.217842886170552,-1.28143010145938,0.70025844357303
-0.822189766867534,1.43520794666035,0.114281591840656
-2.37500403993048,-0.163664696337001,-0.877167946162684
-0.277112051760991,1.07883503047571,-0.0217720907161086
0.512115723008829,0.075792664034676,-0.690023201719582
1.38499606946183,0.238778669350728,0.43715291711261
-0.575656130139654,-0.233181451222052,1.37251976409591
0.383120800256332,1.07191324481996,"B,0.644110894002517"
-0.727140753401308,0.0661186117300527,0.623920997222771
-1.11284645091635,0.150548129194379,0.721156376754181
0.0752835366505538,2.65735629555636,-0.656629521538837
-0.444377505338809,0.10032933188716,1.60265213828032
-1.80637152950065,1.76249155092075,"B,0.575148097230725"
-0.951131232458174,0.577097918215097,0.0475637598973211
-0.793703025375905,0.22590506465147,-0.108862698745814
0.913820251511931,1.19069964445448,0.976378938470993
-1.12850156177997,0.685223467267881,0.67557790446195
1.56224378951096,0.592567411734349,-0.486959188036509
0.57393495533101,-0.360560590605685,0.269307757517246
1.37737492428416,1.17294454809926,0.486455161087611
-0.718124335963228,-1.3138764292327,0.148881162285057
-0.636729087211124,"A,0.0609109898741244",1.19350696591073
0.409415013070723,-0.262789844918949,0.497333843980141
0.280645457151623,-0.282989382361894,1.8390524923441
-0.693255279253603,0.672785912870953,"B,-0.596294380794752"
0.849629933699869,-1.52269245545593,1.35870437291241
-0.476191828507573,"A,-0.344332046405757","B,-1.31274844090927"
0.60865044220189,1.87916308433495,0.511816332551828
-1.0864055783645,0.792942580818729,-0.516224636323554
0.17679838291809,1.31961171593253,0.656133056337316
1.13019141165286,-0.309765390119611,0.203280025169098
-1.80042004720878,0.299510975082548,-1.40376273729409
-0.254867627403772,-0.578092593911401,-0.585889836880511
-0.928763752210266,0.156798514976791,2.41306228587408
-0.428665256422323,-0.522478774696519,"B,-0.164442724688281"
-0.196502794728164,-0.911892917676742,-0.192288482919527
-0.75543213674821,-0.3597982899287,0.299131673960005
0.225720998513857,2.03395072297419,1.06941033219284
0.622362653368539,-1.15491465893139,0.791438444445825
1.48439023443246,-0.215317050891863,0.363915830129974
-0.70719336949456,1.60208423306122,0.689633247292213
-0.149720056070209,1.35290269880305,-0.987759764972223
1.58713607600607,0.827430605156162,-0.0437356519332211
-0.0457552363326943,0.790805573062202,0.696086695656619
-0.124840094703229,0.647020767014465,0.88198220235985
1.00622865001136,-0.920941419261054,1.37009888646192
-0.0275191343868508,-1.40097544047504,"B,0.762131258364026"
0.279840681673038,"A,-1.84688568323078",1.47231302764151
-1.46097586939994,"A,0.807824335156871","B,-1.20654396834039"
0.214924404468509,0.484273632536519,-1.47235926200896
0.45360380278685,-1.92858418414403,-0.778382390335518
-0.54616405684798,"A,-1.23252503066722",0.532223484914506
0.307369725656778,0.052419335169352,1.10972634132571
-0.533010363745305,-0.997509447192876,-1.87642958265439
-1.28945511443389,-0.291663344713054,-0.278990869718189
-0.140207915420881,1.85388103949157,-1.14046027115601
1.8090675930798,-0.740013839626387,0.788058137055003
-0.406902605877041,-2.25401927324562,-0.284424107031778
-0.304479339160845,"A,0.589300849273528",0.690151699395349
0.112930432979643,-1.11362127792497,-0.131627582233847
1.01597538025749,-0.874039314091552,-1.37164089993586
-2.08874200849822,0.178173711081475,-1.00525407273203
0.576304224879161,0.266555714018052,1.33905347948245
0.0222877313064247,-0.301683004026822,"B,1.51127537284613"
-0.459677434660048,0.16217323576616,"B,0.706944431748769"
-0.436260800155299,0.638816299742446,-1.12795659458136
0.00932522348632373,0.913200933921115,-0.549089327045709
0.794481925638582,0.520112468592358,-0.941404668421598
-0.311458216288846,-0.19709244753974,0.283488184438442
-0.862553404625817,-0.505505217944662,-0.0360134009145092
0.260304826359192,1.0454890062209,-0.286053172245195
-0.0740745125031275,0.69908690967065,-0.482191940337403
-0.03306436737636,-0.275131617107204,-0.126278172540903
1.59127588280676,-1.07140594063415,0.365672639105882
0.303602856779189,0.684102417833971,1.00164030815533
-0.805581282415737,-0.301819177536246,-0.459691243315197
-1.67603679811389,1.42521346376717,0.875223763109728
1.19279240443712,0.761579341198555,-0.421759053144243
0.297289595409867,-1.11122961329514,-0.958413470266564
-0.682378214370353,-1.05054817368611,-1.18458865838438
1.28086695670356,1.06944994631662,0.614311728036515
0.115717340337874,-0.260137094948059,-1.33998336301275
1.57705407007015,0.491286695343707,1.92370021773639
0.103756037792088,-0.0913894556585533,"B,-0.580706409895092"
-2.68949148590993,2.20160051246013,2.53992346995978
-0.763484233437476,0.305342033323896,"B,-0.486755204121219"
-0.350887386096108,-0.209539252876719,0.549682581659291
-0.131097248760986,0.235138831070628,-0.477868394085212
-0.601445127638749,0.848189816145196,-1.14250489756915
0.387045784200501,0.932341206020944,-0.440093457934691
-2.68704656979789,-1.86891846132695,-1.75391123205023
0.930752908531824,"A,-1.52683700836685",0.473289295814294
0.88159884860905,"A,-2.13510214429713",-0.0028941753678597
-1.5659624043828,"A,1.10587071385717",-1.26282792206579
1.51003999328008,0.787365193497734,0.38784941469832
0.0460151323234104,-0.00366643667953563,0.0947718121738348
-1.30498152661973,0.0307653212440561,-0.794075424356216
1.46417161889566,-0.634259139979837,1.02925090300198
-0.367995271554414,-2.0900053073789,-0.106397250112535
-0.186615177219623,"A,-0.351910893479476",-0.169988946656639
-0.339485792623105,-0.182618755027489,-1.26349012657552
-0.148649581391086,0.285278986957709,-0.269006713968068
1.08855215228725,0.862084257010626,1.27774460317434
-0.482031647926802,-0.0153115244802712,0.158787936653186
-0.903214841804621,1.51475532005719,1.20686845688024
0.526919399165665,-1.17859019861922,-0.424588113124828
-1.38603287588103,-0.664102668859098,-0.730079042242157
0.263251908416199,-1.64431248582571,-0.787961958062866
-0.241455082729247,"A,1.19094118061351",0.517838276992432
-1.7279967447151,0.367452505712258,0.784078568418586
0.666161075619349,0.392712298933423,0.536222118670183
-0.604596006514629,-2.05459822844438,1.8089715998549
1.23905020530369,"A,-0.668822057911443","B,0.366840049415468"
-0.0976730899092358,0.90253255942012,0.0590836752624894
-1.88772360072781,0.704872216687482,1.34105665355787
-0.988342342366949,0.990617026682576,"B,1.04018843895577"
-1.06146762756466,-0.925093844197033,-1.97231435958076
0.274880309927966,0.445452021574474,1.40535138545623
-0.216981515114647,1.11717599847352,"B,0.517436786512674"
2.15046552815539,-0.947583333388528,-0.507726793859147
1.82228835455082,-0.162722746657263,-0.362880224669207
-1.86954845711633,-0.725284733150959,-0.275718645521364
-0.789247507639124,-1.30381677968881,0.426125630626545
0.197200850888586,"A,-0.13743590063677",-1.06604325346411
-0.524506807798563,1.45191727471464,-0.921395505843805
0.123272445030191,-1.0576303171543,1.85675636903643
-0.336432523852122,-0.628105138956443,"B,1.19125426334222"
1.06903823766389,-0.106127154054273,0.361032598712098
0.637091195787832,0.169204227658267,-0.0869819270000818
-0.243997096092815,0.129693035179828,0.378276402533765
-0.0156858780827247,0.513178302310679,-0.0211370221584858
0.623507602337547,0.253168403115066,1.50486052995296
-3.00439312067688,-0.448038048939413,"B,2.48672463630607"
-0.149957673606876,-0.64062276732202,"B,2.59439481442981"
-0.218826848092357,-0.0607822673386193,"B,3.14109303728325"
-0.112117107061414,-0.292064189756164,"B,0.983917858029222"
-0.0120131567697907,0.32300487647861,-1.12030262884212
0.800713168337124,0.303554687517992,0.684848940353486
-1.00215524657249,-1.78651575338559,0.862759920789677
-0.299228005379504,"A,-1.8501666384468",1.81235726146797
-2.60198370149771,"A,-0.721041303457764","B,2.12330540736534"
2.14961019820274,-1.47067108625763,"B,-0.0473512073937835"
-0.145507883887752,"A,-0.235824026146603",-0.189960692483011
0.30247082263108,-0.734502045644632,0.471441206317551
-0.748747744376013,1.09899333192603,-1.8065856944212
1.33295630601742,0.0518552182319219,-1.35275669142044
0.417563405174652,-0.120446580911742,0.300356407459929
0.532040767609607,-1.22811656081995,0.122042013015399
0.842168645300746,-0.977622356114736,0.549234858815594
0.800434046771582,-0.903965426035295,1.7615213766477
0.867620420809021,-0.385381873871898,"B,0.252421657335558"
1.33091029599458,-0.695517204491663,-1.2347121548777
-1.12256912510882,-1.66901316072234,-0.86445791170816
-0.773541439103312,"A,-0.455004854234975",-1.25379878454311
-1.17512087237704,0.465115442124023,1.570357131316
1.74454626836176,1.99246300579458,"B,0.876305472235681"
-0.0420325550693648,0.751255233232912,-2.29977535388099
0.351408209792946,1.37333479116619,0.160265697102801
0.618731358726734,-0.198124533593841,1.72204853371462
-0.69182896918825,2.34448945886217,"B,0.965882287786903"
0.87761620511095,-0.855155456476068,0.0614128480233658
1.79291125790692,1.32198225759943,0.399889464305998
1.77589604818598,1.15205213693222,-2.13556843393698
0.221450223718262,-1.48799348643505,1.4076176860172
-0.614894828825452,"A,-1.88391420383606","B,1.05882905762842"
-0.995942724433696,"A,-0.993959467173478",0.72069744418571
1.29973338989543,-0.138715858632159,0.340294263991634
-0.397820116781634,0.854592363400824,1.49076522228911
-0.73147891630098,-0.510105413053248,"B,2.03009108486825"
0.0329797931873426,-0.903479074559205,"B,-0.504698021904492"
-1.53159464020935,-0.617613910577907,-0.594913637488049
-0.883739568332659,-1.39057639402648,2.33469932755126
0.125998151782554,"A,-0.394130926919085","B,0.0232223786783176"
-1.40250197460542,0.549392928808031,0.687512376194883
0.342169665051483,-0.86419845614875,-1.47063769100472
0.695323118433711,-0.0329261178491059,1.39717128578594
1.25853208781001,0.38497262922701,"B,0.175833051311797"
0.312118323291647,0.00159793826355954,1.07584903137876
0.212262382342731,-0.488146058051964,0.849853419835698
-2.0160850936383,0.0569255311000097,-0.633634434982073
1.30655125488466,-0.155142677106672,0.62205029815126
-0.895976120075643,0.203232583675371,0.0988753443775826
-0.219043794657142,-0.704678024386916,0.0549677381277967
-0.0682780062769843,0.558110450727843,0.640349304810765
0.829790085153377,1.00416646104327,0.254218370284017
-0.609194505206071,-0.37409514946819,0.112802472336624
2.42230667215218,0.2527404383017,-0.198451092815844
-0.489934487219696,1.07264210769932,0.159232383194622
0.0565925320191807,0.124183895310592,1.0252588541444
-1.17122760999446,0.72388627015214,1.34019974989591
-1.17089297266715,0.176712553865957,"B,-0.0562850033665943"
-2.03281231807322,1.7615083354698,0.705538003448148
1.41820831906426,-0.354200294116513,-1.45839800785198
-0.2891173076099,0.489192826880837,0.724785762653673
-0.150469357458295,-0.941797614022292,-0.611693015256043
1.07311059185331,1.06488973259753,-0.190721518953713
0.539987775674544,0.449138250740367,0.310418319495777
-0.338150229426433,-0.0293667726467715,0.611632671386526
0.479285218117678,-0.642959473851298,1.70690002819025
-0.370568722016989,-0.577022112586328,"B,-0.200619289463883"
-0.220732423618072,-1.72987964002227,0.119063366055536
-1.07882691804561,"A,0.091292032577061",-0.412234030463935
-0.475964917639883,-0.596277010321062,1.89359280488672
-0.601465398760852,0.980620629443333,"B,1.00271576372564"
1.45005183454829,0.780370844624905,-0.751611242005853
-0.412426573209212,-0.567865838716095,0.566889642504017
-0.902887581501054,0.745795577036517,-0.939402409119371
-0.601998696785274,0.611041790089252,-0.643519378322604
1.62086113712157,-0.293083670264759,-0.0858386144863152
-0.636309764206379,-0.985963695966792,3.36673595035485
0.43931697207291,-0.272218409772968,"B,-0.1690863358842"
-0.928876465363041,-0.584564685917494,1.03225860986246
-2.09137930632898,-1.78527495407245,-0.116861752637252
1.46941949365247,"A,-1.92172820894799",-1.42559013317712
-0.839979901817723,"A,1.13837127883521",-0.976231608717067
2.02878271304151,0.755866178317502,1.64150943502925
0.144399092608692,1.08854595179697,"B,-1.26556190941764"
-1.5071222230629,1.38280006948526,-0.779020113038804
0.118054432381953,0.11746210307126,-1.048809132129
1.51046025291835,1.25535628770752,0.102961741169023
0.274929207889372,0.876043303354488,1.05573368752289
1.22603281830342,0.0462426526921552,0.94045355419966
0.63861369594059,-0.456887603064138,0.316388338849527
1.09139409765077,-1.24567685846052,2.24919335848031
-0.175743396388286,0.803579717327337,"B,0.0102822215248742"
0.770167527926196,2.12765403340021,1.04787251229933
-0.267132227268184,0.771131573720535,-0.306106636053912
-1.06490006290664,-0.126763185875914,2.9858185342277
0.0837308365401876,-1.74392630543981,"B,-0.370323049416399"
0.192543669802523,"A,-1.93052516875975",-1.15751884379846
0.626001606527805,"A,-1.05651965964299",0.00889763989704236
0.0410770461128083,2.3562604252204,-1.22874588024503
0.844870427745085,-0.338229808137138,1.24485026363506
0.182493421649324,0.302427271073908,-1.84935061770897
1.93211627095628,0.869277034741956,0.747529482411367
-0.47682237500552,0.494482072977461,0.236094359620634
-0.40337971942844,-0.226521506459249,-0.472631528120544
0.166549594969473,-0.876074829804059,-1.93105908051397
-0.615752592550216,1.22121881135004,0.274219287001925
-1.87699719949757,-0.0826486405863184,2.14699162381327
1.73970065314582,-0.867518536760251,"B,1.80900105752585"
0.0936061886087079,0.844294259940676,"B,-0.245068856973441"
0.598757597020534,-0.880613542403394,0.240790908680758
0.933767183129394,-0.0064762713517419,1.596975528744
0.216183194532201,-0.0820511283269612,"B,-0.161236623364525"
1.3049364075986,0.0648839938127042,0.756668964729923
1.08755078879376,1.28164888187474,-0.58129035366906
-0.818713209485025,1.48057404393245,0.0302272839686347
1.11087320822667,-1.13466301944173,0.757384975817887
0.363062132972797,-0.310601748816559,0.587149191123229
0.636055703548613,0.879307353966332,0.74035584879691
-0.324290916086441,1.3698627157815,-0.235606970757547
1.36973483640778,-1.80588810689039,-0.972540679908722
2.80549273741498,"A,0.0187716789926317",0.0923152787989769
-0.141643690500394,0.745365338509928,0.257283152145099
-0.941470149971386,-1.05158118042196,2.3228472108367
0.675983436138349,-0.396006828460392,"B,1.39904687186338"
0.358661048285104,-0.387163622440357,"B,-0.084117451900787"
1.1619869007557,0.637123295117193,0.92530942300333
-0.105931845076082,-0.417095675360846,-0.636847155467854
1.54758651056661,-0.625392387356899,0.0814217560644862
-1.05376923120147,-2.11249595860143,-0.319742252262159
-0.934215456456317,"A,-0.444062103445476",-1.06721547712829
-0.427911569124113,0.735583229717647,1.06685341378023
1.43218987752992,0.0970479324132183,0.320412764841042
-2.22265534563083,1.2320550350198,0.906996496385336
-0.875378529726668,0.325979512096243,0.572873434593248
-0.25914009996392,0.093070684734042,0.306742602447982
0.552924883014882,0.414769754984481,0.754216356119895
1.60633751588698,-1.31647203324851,0.234676999807989
-0.637035289534234,"A,0.814827431903334",1.04782330610489
0.212410061012297,-1.54159487023488,0.10562748093025
-1.56722693462844,"A,1.18667842811752",-0.368777993351571
0.343251140299476,-1.23069329966983,0.369757140652209
-0.568179388509318,0.868858112962881,0.514366736773449
-0.843031578946147,-0.00083739084772293,-0.522470377335357
-2.13505707070556,-1.21929134132342,2.624313309209
0.351269623738041,1.89789060760764,"B,-0.692387774981203"
0.992155318692872,-1.07528360751466,0.286129130322417
1.05808114189361,0.332410594156419,0.808844664091466
-0.75762125209351,-1.49724803646638,0.651254411880901
0.78362287041521,"A,-1.58820065171525",-1.08684101710153
0.456433405864137,"A,1.27837409473971",1.17674403327697
0.415567323675913,2.12743346257135,-0.680787312133247
1.33366376485115,1.16861322547481,0.64651285265928
0.604236475898877,0.405718450648544,0.379447538709386
-1.31763603991318,-0.904070076065498,0.571167145450384
-1.82961538359075,-0.992491391718523,1.59764925291765
0.824186061836661,-0.0918539232345474,"B,-0.627287290019338"
0.233346361938634,-1.1226707180943,0.532160963204524
-1.33484831739101,0.032277293414043,0.867151071294548
0.253728056709293,1.31357176789295,0.465487804508073
0.697412736007304,-0.544852592170544,-0.612158173485822
-0.698911177694287,-0.640674652318887,0.772801986167467
-1.13197492491137,-0.815822761654897,0.94380901551433
-0.285788300596321,0.96455636395742,-0.870502104046932
-0.889488664067918,-0.168967942272503,-0.998576262893863
-0.945751540368453,-1.86629285221241,-0.154633110311334
-0.177903267013217,"A,0.450341675491275",0.416791704280577
-0.735085463050392,1.4793544462139,-0.769863155117504
-0.915360750483087,1.02289558555666,-1.35402689433848
0.420201667404064,-1.23119971954771,0.150240956139622
1.46642254531722,-2.05883566412075,-0.760445384746296
1.44525704263746,"A,-0.601377008769618",-1.14710428916116
-1.40808011133515,0.882963328230414,-0.0696400452601715
-0.352798803002113,-0.683028809057042,0.789181799173243
0.967267634044881,0.839208630349532,-1.94830237737498
